iter	Logloss
0	0.5658004111
1	0.5155809555
2	0.472767208
3	0.4541062208
4	0.4454784469
5	0.4390428974
6	0.4322271594
7	0.429677745
8	0.4237936208
9	0.4175968651
